{
  "manifest.json": 1717396923850,
  "test/integration/pages/PurchasesObjectPage.js": 1717396628989,
  "test/integration/pages/PurchasesList.js": 1717396628985,
  "test/integration/opaTests.qunit.js": 1717396628969,
  "test/integration/FirstJourney.js": 1717396628997,
  "test/testsuite.qunit.js": 1717396628965,
  "xs-app.json": 1717397610024,
  "i18n/i18n.properties": 1717396634825,
  "Component.js": 1717396628933,
  "test/integration/FirstJourney-dbg.js": 1717396628997,
  "test/integration/FirstJourney.js.map": 1717397618960,
  "test/integration/pages/PurchasesList-dbg.js": 1717396628985,
  "test/integration/pages/PurchasesList.js.map": 1717397618956,
  "test/integration/opaTests.qunit-dbg.js": 1717396628969,
  "test/integration/opaTests.qunit.js.map": 1717397618956,
  "test/integration/pages/PurchasesObjectPage-dbg.js": 1717396628989,
  "test/integration/pages/PurchasesObjectPage.js.map": 1717397618954,
  "test/testsuite.qunit-dbg.js": 1717396628965,
  "test/testsuite.qunit.js.map": 1717397618959,
  "Component-dbg.js": 1717396628933,
  "Component.js.map": 1717397618960,
  "Component-preload.js": 1717397619028,
  "Component-preload.js.map": 1717397619028,
  "test/integration/opaTests.qunit.html": 1717396628969,
  "test/testsuite.qunit.html": 1717396628965,
  "test/flpSandbox.html": 1717396628965,
  "index.html": 1717396628941
}