{
  "test/flpSandbox.html": 1717396707480,
  "test/integration/opaTests.qunit.js": 1717396707580,
  "test/integration/pages/RedemptionsList.js": 1717396707596,
  "test/integration/pages/RedemptionsObjectPage.js": 1717396707632,
  "test/integration/FirstJourney.js": 1717396707648,
  "test/testsuite.qunit.js": 1717396707564,
  "xs-app.json": 1717397610024,
  "manifest.json": 1717396923850,
  "Component.js": 1717396707448,
  "test/integration/opaTests.qunit-dbg.js": 1717396707580,
  "test/integration/opaTests.qunit.js.map": 1717397621285,
  "test/integration/pages/RedemptionsList-dbg.js": 1717396707596,
  "test/integration/pages/RedemptionsList.js.map": 1717397621280,
  "test/integration/pages/RedemptionsObjectPage-dbg.js": 1717396707632,
  "test/integration/pages/RedemptionsObjectPage.js.map": 1717397621284,
  "test/integration/FirstJourney-dbg.js": 1717396707648,
  "test/integration/FirstJourney.js.map": 1717397621292,
  "test/testsuite.qunit-dbg.js": 1717396707564,
  "test/testsuite.qunit.js.map": 1717397621283,
  "Component-dbg.js": 1717396707448,
  "Component.js.map": 1717397621284,
  "Component-preload.js": 1717397621358,
  "Component-preload.js.map": 1717397621358,
  "test/integration/opaTests.qunit.html": 1717396707576,
  "test/testsuite.qunit.html": 1717396707480,
  "i18n/i18n.properties": 1717396713652,
  "index.html": 1717396707452
}