{
  "test/integration/opaTests.qunit-dbg.js": 1717396514522,
  "test/integration/FirstJourney.js": 1717396514546,
  "test/integration/pages/CustomersList.js": 1717396514538,
  "test/integration/opaTests.qunit.js": 1717396514522,
  "test/integration/pages/CustomersObjectPage.js": 1717396514538,
  "test/testsuite.qunit.js": 1717396514518,
  "xs-app.json": 1717397610024,
  "manifest.json": 1717396923850,
  "Component.js": 1717396514498,
  "test/integration/FirstJourney-dbg.js": 1717396514546,
  "test/integration/FirstJourney.js.map": 1717397615568,
  "test/integration/pages/CustomersList-dbg.js": 1717396514538,
  "test/integration/pages/CustomersList.js.map": 1717397615567,
  "i18n/i18n.properties": 1717396539414,
  "test/integration/opaTests.qunit.js.map": 1717397615556,
  "test/integration/pages/CustomersObjectPage-dbg.js": 1717396514538,
  "test/integration/pages/CustomersObjectPage.js.map": 1717397615555,
  "test/testsuite.qunit-dbg.js": 1717396514518,
  "test/testsuite.qunit.js.map": 1717397615560,
  "Component-dbg.js": 1717396514498,
  "Component.js.map": 1717397615559,
  "Component-preload.js": 1717397615670,
  "Component-preload.js.map": 1717397615670,
  "test/integration/opaTests.qunit.html": 1717396514522,
  "test/testsuite.qunit.html": 1717396514518,
  "test/flpSandbox.html": 1717396514518,
  "index.html": 1717396514498
}